org,dep,budget_type,amount
งบกลาง,เงินสำรองจ่ายทั่วไป,งบกลาง,486536500.0
งบกลาง,เงินช่วยเหลือข้าราชการและลูกจ้าง,งบกลาง,2700000000.0
งบกลาง,เงินบำเหน็จลูกจ้าง,งบกลาง,650000000.0
งบกลาง,ค่าติดตั้งไฟฟ้าสาธารณะ,งบกลาง,200000000.0
งบกลาง,เงินสำรองสำหรับค่างาน ส่วนที่เพิ่มตามสัญญา แบบปรับราคาได้,งบกลาง,20000000.0
งบกลาง,เงินสำรองสำหรับค่าใช้จ่ายเกี่ยวกับบุคลากร,งบกลาง,300000000.0
งบกลาง,ค่าใช้จ่ายเกี่ยวกับภารกิจและ หรือนโยบายที่ได้รับมอบจากรัฐบาล,งบกลาง,4395109000.0
งบกลาง,เงินรางวัลและเงินช่วยเหลือสำหรับผลการปฏิบัติราชการประจำปี,งบกลาง,2000000000.0
งบกลาง,เงินสำรองสำหรับภาระผูกพันที่ค้างจ่ายตามกฎหมาย,งบกลาง,1555873938.0
งบกลาง,เงินช่วยค่าครองชีพผู้ได้รับบำนาญของกรุงเทพมหานคร,งบกลาง,218000000.0
สำนักงานเลขานุการสภากรุงเทพมหานคร,แผนงานบริหารทั่วไป,ประจำ,82258900.0
สำนักงานเลขานุการผู้ว่าราชการกรุงเทพมหานคร,แผนงานบริหารทั่วไป,ประจำ,70920000.0
สำนักงานคณะกรรมการข้าราชการกรุงเทพมหานคร,แผนงานบริหารงานบุคคล,ประจำ,199359000.0
สำนักปลัดกรุงเทพมหานคร,แผนงานบริหารทั่วไป,ประจำ,222688400.0
สำนักปลัดกรุงเทพมหานคร,แผนงานบริหารงานปกครองและทะเบียน,ประจำ,302761800.0
สำนักปลัดกรุงเทพมหานคร,แผนงานบริหารการคลัง,ประจำ,29591800.0
สำนักปลัดกรุงเทพมหานคร,แผนงานบริหารงานบุคคล,ประจำ,160469500.0
สำนักปลัดกรุงเทพมหานคร,แผนงานส่งเสริมระบบบริหาร,ประจำ,536805400.0
สำนักการแพทย์,แผนงานบริหารทั่วไป,ประจำ,99145300.0
สำนักการแพทย์,แผนงานบริการด้านการแพทย์,ประจำ,4008758600.0
สำนักการแพทย์,แผนงานพัฒนาด้านการแพทย์และอนามัย,ประจำ,16730900.0
สำนักอนามัย,แผนงานบริหารทั่วไป,ประจำ,85100100.0
สำนักอนามัย,แผนงานอนามัยสิ่งแวดล้อม,ประจำ,64194500.0
สำนักอนามัย,แผนงานอนามัย,ประจำ,2324985200.0
สำนักการศึกษา,แผนงานบริหารทั่วไป,ประจำ,511645100.0
สำนักการศึกษา,แผนงานพัฒนาคุณภาพการศึกษา,ประจำ,730058700.0
สำนักการโยธา,แผนงานบริหารทั่วไป,ประจำ,134049980.0
สำนักการโยธา,แผนงานการโยธา,ประจำ,7504680720.0
สำนักการโยธา,แผนงานพัฒนาการโยธาและระบบจราจร,ประจำ,1591127300.0
สำนักการระบายน้ำ,แผนงานบริหารทั่วไป,ประจำ,37969359.0
สำนักการระบายน้ำ,แผนงานพัฒนาระบบระบายน้ำ,ประจำ,2499271826.0
สำนักการระบายน้ำ,แผนงานจัดการระบายน้ำและแก้ไขปัญหาน้ำท่วม,ประจำ,2765737870.0
สำนักการระบายน้ำ,แผนงานจัดการคุณภาพน้ำ,ประจำ,2910472945.0
สำนักการคลัง,แผนงานบริหารทั่วไป,ประจำ,21528800.0
สำนักการคลัง,แผนงานบริหารการคลัง,ประจำ,3230030900.0
สำนักการคลัง,แผนงานส่งเสริมระบบบริหาร,ประจำ,354890700.0
สำนักเทศกิจ,แผนงานบริหารทั่วไป,ประจำ,40694400.0
สำนักเทศกิจ,แผนงานส่งเสริมระบบบริหาร,ประจำ,27442200.0
สำนักเทศกิจ,แผนงานพัฒนาและส่งเสริม,ประจำ,12513700.0
สำนักเทศกิจ,แผนงานรักษาความเป็นระเบียบเรียบร้อย,ประจำ,103929700.0
สำนักการจราจรและขนส่ง,แผนงานบริหารทั่วไป,ประจำ,26537900.0
สำนักการจราจรและขนส่ง,แผนงานพัฒนาการใช้ที่ดินและระบบจราจร,ประจำ,4300693100.0
สำนักป้องกันและบรรเทาสาธารณภัย,แผนงานบริหารทั่วไป,ประจำ,48956100.0
สำนักป้องกันและบรรเทาสาธารณภัย,แผนงานป้องกันและบรรเทาสาธารณภัย,ประจำ,375970920.0
สำนักงบประมาณกรุงเทพมหานคร,แผนงานบริหารทั่วไป,ประจำ,41802900.0
สำนักงบประมาณกรุงเทพมหานคร,แผนงานบริหารการคลัง,ประจำ,61603100.0
สำนักยุทธศาสตร์และประเมินผล,แผนงานบริหารทั่วไป,ประจำ,17628300.0
สำนักยุทธศาสตร์และประเมินผล,แผนงานส่งเสริมระบบบริหาร,ประจำ,663090300.0
สำนักยุทธศาสตร์และประเมินผล,แผนงานพัฒนาการใช้ที่ดินและระบบจราจร,ประจำ,26034400.0
สำนักสิ่งแวดล้อม,แผนงานบริหารทั่วไป,ประจำ,75096550.0
สำนักสิ่งแวดล้อม,แผนงานพัฒนาและส่งเสริม,ประจำ,53280813.0
สำนักสิ่งแวดล้อม,แผนงานรักษาความสะอาด,ประจำ,5955074487.0
สำนักสิ่งแวดล้อม,แผนงานพัฒนาสภาวะสิ่งแวดล้อม,ประจำ,1458777150.0
สำนักวัฒนธรรม กีฬาและการท่องเที่ยว,แผนงานบริหารทั่วไป,ประจำ,70225400.0
สำนักวัฒนธรรม กีฬาและการท่องเที่ยว,แผนงานบริการสังคม,ประจำ,681076700.0
สำนักวัฒนธรรม กีฬาและการท่องเที่ยว,แผนงานการท่องเที่ยว,ประจำ,81099400.0
สำนักวัฒนธรรม กีฬาและการท่องเที่ยว,แผนงานการกีฬา,ประจำ,564973100.0
สำนักพัฒนาสังคม,แผนงานบริหารทั่วไป,ประจำ,22941600.0
สำนักพัฒนาสังคม,แผนงานบริการสังคม,ประจำ,66178000.0
สำนักพัฒนาสังคม,แผนงานพัฒนาชุมชน,ประจำ,80444700.0
สำนักพัฒนาสังคม,แผนงานส่งเสริมอาชีพ,ประจำ,255220700.0
สำนักการวางผังและพัฒนาเมือง,แผนงานบริหารทั่วไป,ประจำ,25886500.0
สำนักการวางผังและพัฒนาเมือง,แผนงานพัฒนาการใช้ที่ดินและระบบจราจร,ประจำ,290454500.0
สำนักงานเขตพระนคร,แผนงานบริหารงานปกครองและทะเบียน,ประจำ,26040000.0
สำนักงานเขตพระนคร,แผนงานบริหารการคลัง,ประจำ,10676100.0
สำนักงานเขตพระนคร,แผนงานรักษาความสะอาด,ประจำ,192224300.0
สำนักงานเขตพระนคร,แผนงานรักษาความเป็นระเบียบเรียบร้อย,ประจำ,73902900.0
สำนักงานเขตพระนคร,แผนงานการโยธา,ประจำ,13901000.0
สำนักงานเขตพระนคร,แผนงานจัดการระบายน้ำและแก้ไขปัญหาน้ำท่วม,ประจำ,8121900.0
สำนักงานเขตพระนคร,แผนงานพัฒนาสภาวะสิ่งแวดล้อม,ประจำ,26083100.0
สำนักงานเขตพระนคร,แผนงานพัฒนาชุมชน,ประจำ,11621000.0
สำนักงานเขตพระนคร,แผนงานอนามัยสิ่งแวดล้อม,ประจำ,6791400.0
สำนักงานเขตพระนคร,แผนงานบริหารการศึกษา,ประจำ,43502300.0
สำนักงานเขตป้อมปราบศัตรูพ่าย,แผนงานบริหารงานปกครองและทะเบียน,ประจำ,30211700.0
สำนักงานเขตป้อมปราบศัตรูพ่าย,แผนงานบริหารการคลัง,ประจำ,9054800.0
สำนักงานเขตป้อมปราบศัตรูพ่าย,แผนงานรักษาความสะอาด,ประจำ,113250200.0
สำนักงานเขตป้อมปราบศัตรูพ่าย,แผนงานรักษาความเป็นระเบียบเรียบร้อย,ประจำ,28603000.0
สำนักงานเขตป้อมปราบศัตรูพ่าย,แผนงานการโยธา,ประจำ,13342100.0
สำนักงานเขตป้อมปราบศัตรูพ่าย,แผนงานจัดการระบายน้ำและแก้ไขปัญหาน้ำท่วม,ประจำ,5315100.0
สำนักงานเขตป้อมปราบศัตรูพ่าย,แผนงานพัฒนาสภาวะสิ่งแวดล้อม,ประจำ,14131200.0
สำนักงานเขตป้อมปราบศัตรูพ่าย,แผนงานพัฒนาชุมชน,ประจำ,13499900.0
สำนักงานเขตป้อมปราบศัตรูพ่าย,แผนงานอนามัยสิ่งแวดล้อม,ประจำ,6204100.0
สำนักงานเขตป้อมปราบศัตรูพ่าย,แผนงานบริหารการศึกษา,ประจำ,18583900.0
สำนักงานเขตสัมพันธวงศ์,แผนงานบริหารงานปกครองและทะเบียน,ประจำ,27048900.0
สำนักงานเขตสัมพันธวงศ์,แผนงานบริหารการคลัง,ประจำ,10521800.0
สำนักงานเขตสัมพันธวงศ์,แผนงานรักษาความสะอาด,ประจำ,76505600.0
สำนักงานเขตสัมพันธวงศ์,แผนงานรักษาความเป็นระเบียบเรียบร้อย,ประจำ,22271700.0
สำนักงานเขตสัมพันธวงศ์,แผนงานการโยธา,ประจำ,20484200.0
สำนักงานเขตสัมพันธวงศ์,แผนงานจัดการระบายน้ำและแก้ไขปัญหาน้ำท่วม,ประจำ,5733600.0
สำนักงานเขตสัมพันธวงศ์,แผนงานพัฒนาสภาวะสิ่งแวดล้อม,ประจำ,7788100.0
สำนักงานเขตสัมพันธวงศ์,แผนงานพัฒนาชุมชน,ประจำ,16113300.0
สำนักงานเขตสัมพันธวงศ์,แผนงานอนามัยสิ่งแวดล้อม,ประจำ,4806100.0
สำนักงานเขตสัมพันธวงศ์,แผนงานบริหารการศึกษา,ประจำ,16903300.0
สำนักงานเขตบางรัก,แผนงานบริหารงานปกครองและทะเบียน,ประจำ,22322100.0
สำนักงานเขตบางรัก,แผนงานบริหารการคลัง,ประจำ,11550600.0
สำนักงานเขตบางรัก,แผนงานรักษาความสะอาด,ประจำ,113844780.0
สำนักงานเขตบางรัก,แผนงานรักษาความเป็นระเบียบเรียบร้อย,ประจำ,21961000.0
สำนักงานเขตบางรัก,แผนงานการโยธา,ประจำ,19772600.0
สำนักงานเขตบางรัก,แผนงานจัดการระบายน้ำและแก้ไขปัญหาน้ำท่วม,ประจำ,7340800.0
สำนักงานเขตบางรัก,แผนงานพัฒนาสภาวะสิ่งแวดล้อม,ประจำ,12075400.0
สำนักงานเขตบางรัก,แผนงานพัฒนาชุมชน,ประจำ,14167800.0
สำนักงานเขตบางรัก,แผนงานอนามัยสิ่งแวดล้อม,ประจำ,5263800.0
สำนักงานเขตบางรัก,แผนงานบริหารการศึกษา,ประจำ,18146120.0
สำนักงานเขตปทุมวัน,แผนงานบริหารงานปกครองและทะเบียน,ประจำ,38812200.0
สำนักงานเขตปทุมวัน,แผนงานบริหารการคลัง,ประจำ,9623900.0
สำนักงานเขตปทุมวัน,แผนงานรักษาความสะอาด,ประจำ,150362600.0
สำนักงานเขตปทุมวัน,แผนงานรักษาความเป็นระเบียบเรียบร้อย,ประจำ,24010200.0
สำนักงานเขตปทุมวัน,แผนงานการโยธา,ประจำ,23082000.0
สำนักงานเขตปทุมวัน,แผนงานจัดการระบายน้ำและแก้ไขปัญหาน้ำท่วม,ประจำ,5831400.0
สำนักงานเขตปทุมวัน,แผนงานพัฒนาสภาวะสิ่งแวดล้อม,ประจำ,19880700.0
สำนักงานเขตปทุมวัน,แผนงานพัฒนาชุมชน,ประจำ,26464000.0
สำนักงานเขตปทุมวัน,แผนงานอนามัยสิ่งแวดล้อม,ประจำ,5735000.0
สำนักงานเขตปทุมวัน,แผนงานบริหารการศึกษา,ประจำ,50339000.0
สำนักงานเขตยานนาวา,แผนงานบริหารงานปกครองและทะเบียน,ประจำ,27628700.0
สำนักงานเขตยานนาวา,แผนงานบริหารการคลัง,ประจำ,10636875.0
สำนักงานเขตยานนาวา,แผนงานรักษาความสะอาด,ประจำ,130687300.0
สำนักงานเขตยานนาวา,แผนงานรักษาความเป็นระเบียบเรียบร้อย,ประจำ,13696300.0
สำนักงานเขตยานนาวา,แผนงานการโยธา,ประจำ,12713000.0
สำนักงานเขตยานนาวา,แผนงานจัดการระบายน้ำและแก้ไขปัญหาน้ำท่วม,ประจำ,33981654.0
สำนักงานเขตยานนาวา,แผนงานพัฒนาสภาวะสิ่งแวดล้อม,ประจำ,20063000.0
สำนักงานเขตยานนาวา,แผนงานพัฒนาชุมชน,ประจำ,19715600.0
สำนักงานเขตยานนาวา,แผนงานอนามัยสิ่งแวดล้อม,ประจำ,5277485.0
สำนักงานเขตยานนาวา,แผนงานบริหารการศึกษา,ประจำ,35796700.0
สำนักงานเขตดุสิต,แผนงานบริหารงานปกครองและทะเบียน,ประจำ,44663100.0
สำนักงานเขตดุสิต,แผนงานบริหารการคลัง,ประจำ,11408200.0
สำนักงานเขตดุสิต,แผนงานรักษาความสะอาด,ประจำ,173520000.0
สำนักงานเขตดุสิต,แผนงานรักษาความเป็นระเบียบเรียบร้อย,ประจำ,32906800.0
สำนักงานเขตดุสิต,แผนงานการโยธา,ประจำ,13398600.0
สำนักงานเขตดุสิต,แผนงานจัดการระบายน้ำและแก้ไขปัญหาน้ำท่วม,ประจำ,15364700.0
สำนักงานเขตดุสิต,แผนงานพัฒนาสภาวะสิ่งแวดล้อม,ประจำ,22129400.0
สำนักงานเขตดุสิต,แผนงานพัฒนาชุมชน,ประจำ,24394700.0
สำนักงานเขตดุสิต,แผนงานอนามัยสิ่งแวดล้อม,ประจำ,6467800.0
สำนักงานเขตดุสิต,แผนงานบริหารการศึกษา,ประจำ,56991700.0
สำนักงานเขตพญาไท,แผนงานบริหารงานปกครองและทะเบียน,ประจำ,35574800.0
สำนักงานเขตพญาไท,แผนงานบริหารการคลัง,ประจำ,10959000.0
สำนักงานเขตพญาไท,แผนงานรักษาความสะอาด,ประจำ,144999500.0
สำนักงานเขตพญาไท,แผนงานรักษาความเป็นระเบียบเรียบร้อย,ประจำ,21563500.0
สำนักงานเขตพญาไท,แผนงานการโยธา,ประจำ,35281700.0
สำนักงานเขตพญาไท,แผนงานจัดการระบายน้ำและแก้ไขปัญหาน้ำท่วม,ประจำ,17801600.0
สำนักงานเขตพญาไท,แผนงานพัฒนาสภาวะสิ่งแวดล้อม,ประจำ,22853500.0
สำนักงานเขตพญาไท,แผนงานพัฒนาชุมชน,ประจำ,25509100.0
สำนักงานเขตพญาไท,แผนงานอนามัยสิ่งแวดล้อม,ประจำ,6001400.0
สำนักงานเขตพญาไท,แผนงานบริหารการศึกษา,ประจำ,14628400.0
สำนักงานเขตห้วยขวาง,แผนงานบริหารงานปกครองและทะเบียน,ประจำ,29403800.0
สำนักงานเขตห้วยขวาง,แผนงานบริหารการคลัง,ประจำ,12503600.0
สำนักงานเขตห้วยขวาง,แผนงานรักษาความสะอาด,ประจำ,141522600.0
สำนักงานเขตห้วยขวาง,แผนงานรักษาความเป็นระเบียบเรียบร้อย,ประจำ,17420700.0
สำนักงานเขตห้วยขวาง,แผนงานการโยธา,ประจำ,44650400.0
สำนักงานเขตห้วยขวาง,แผนงานจัดการระบายน้ำและแก้ไขปัญหาน้ำท่วม,ประจำ,17800800.0
สำนักงานเขตห้วยขวาง,แผนงานพัฒนาสภาวะสิ่งแวดล้อม,ประจำ,27137400.0
สำนักงานเขตห้วยขวาง,แผนงานพัฒนาชุมชน,ประจำ,19820300.0
สำนักงานเขตห้วยขวาง,แผนงานอนามัยสิ่งแวดล้อม,ประจำ,6976600.0
สำนักงานเขตห้วยขวาง,แผนงานบริหารการศึกษา,ประจำ,35025800.0
สำนักงานเขตพระโขนง,แผนงานบริหารงานปกครองและทะเบียน,ประจำ,25858200.0
สำนักงานเขตพระโขนง,แผนงานบริหารการคลัง,ประจำ,9878500.0
สำนักงานเขตพระโขนง,แผนงานรักษาความสะอาด,ประจำ,96871000.0
สำนักงานเขตพระโขนง,แผนงานรักษาความเป็นระเบียบเรียบร้อย,ประจำ,12435300.0
สำนักงานเขตพระโขนง,แผนงานการโยธา,ประจำ,20711900.0
สำนักงานเขตพระโขนง,แผนงานจัดการระบายน้ำและแก้ไขปัญหาน้ำท่วม,ประจำ,36949300.0
สำนักงานเขตพระโขนง,แผนงานพัฒนาสภาวะสิ่งแวดล้อม,ประจำ,19442100.0
สำนักงานเขตพระโขนง,แผนงานพัฒนาชุมชน,ประจำ,26240700.0
สำนักงานเขตพระโขนง,แผนงานอนามัยสิ่งแวดล้อม,ประจำ,5749300.0
สำนักงานเขตพระโขนง,แผนงานบริหารการศึกษา,ประจำ,27036500.0
สำนักงานเขตบางกะปิ,แผนงานบริหารงานปกครองและทะเบียน,ประจำ,29521600.0
สำนักงานเขตบางกะปิ,แผนงานบริหารการคลัง,ประจำ,10745500.0
สำนักงานเขตบางกะปิ,แผนงานรักษาความสะอาด,ประจำ,165515700.0
สำนักงานเขตบางกะปิ,แผนงานรักษาความเป็นระเบียบเรียบร้อย,ประจำ,20357700.0
สำนักงานเขตบางกะปิ,แผนงานการโยธา,ประจำ,91994600.0
สำนักงานเขตบางกะปิ,แผนงานจัดการระบายน้ำและแก้ไขปัญหาน้ำท่วม,ประจำ,16877900.0
สำนักงานเขตบางกะปิ,แผนงานพัฒนาสภาวะสิ่งแวดล้อม,ประจำ,28716000.0
สำนักงานเขตบางกะปิ,แผนงานพัฒนาชุมชน,ประจำ,33836900.0
สำนักงานเขตบางกะปิ,แผนงานอนามัยสิ่งแวดล้อม,ประจำ,7697000.0
สำนักงานเขตบางกะปิ,แผนงานบริหารการศึกษา,ประจำ,118868100.0
สำนักงานเขตบางเขน,แผนงานบริหารงานปกครองและทะเบียน,ประจำ,33297700.0
สำนักงานเขตบางเขน,แผนงานบริหารการคลัง,ประจำ,12320000.0
สำนักงานเขตบางเขน,แผนงานรักษาความสะอาด,ประจำ,137771300.0
สำนักงานเขตบางเขน,แผนงานรักษาความเป็นระเบียบเรียบร้อย,ประจำ,17262900.0
สำนักงานเขตบางเขน,แผนงานการโยธา,ประจำ,83058900.0
สำนักงานเขตบางเขน,แผนงานจัดการระบายน้ำและแก้ไขปัญหาน้ำท่วม,ประจำ,23986400.0
สำนักงานเขตบางเขน,แผนงานพัฒนาสภาวะสิ่งแวดล้อม,ประจำ,25472300.0
สำนักงานเขตบางเขน,แผนงานพัฒนาชุมชน,ประจำ,26576500.0
สำนักงานเขตบางเขน,แผนงานอนามัยสิ่งแวดล้อม,ประจำ,7696000.0
สำนักงานเขตบางเขน,แผนงานบริหารการศึกษา,ประจำ,54506600.0
สำนักงานเขตมีนบุรี,แผนงานบริหารงานปกครองและทะเบียน,ประจำ,28201300.0
สำนักงานเขตมีนบุรี,แผนงานบริหารการคลัง,ประจำ,12148800.0
สำนักงานเขตมีนบุรี,แผนงานรักษาความสะอาด,ประจำ,112149700.0
สำนักงานเขตมีนบุรี,แผนงานรักษาความเป็นระเบียบเรียบร้อย,ประจำ,16360100.0
สำนักงานเขตมีนบุรี,แผนงานการโยธา,ประจำ,104579900.0
สำนักงานเขตมีนบุรี,แผนงานจัดการระบายน้ำและแก้ไขปัญหาน้ำท่วม,ประจำ,25417400.0
สำนักงานเขตมีนบุรี,แผนงานพัฒนาสภาวะสิ่งแวดล้อม,ประจำ,28466000.0
สำนักงานเขตมีนบุรี,แผนงานพัฒนาชุมชน,ประจำ,67090700.0
สำนักงานเขตมีนบุรี,แผนงานอนามัยสิ่งแวดล้อม,ประจำ,6085300.0
สำนักงานเขตมีนบุรี,แผนงานบริหารการศึกษา,ประจำ,109462900.0
สำนักงานเขตลาดกระบัง,แผนงานบริหารงานปกครองและทะเบียน,ประจำ,29008300.0
สำนักงานเขตลาดกระบัง,แผนงานบริหารการคลัง,ประจำ,12067600.0
สำนักงานเขตลาดกระบัง,แผนงานรักษาความสะอาด,ประจำ,163977300.0
สำนักงานเขตลาดกระบัง,แผนงานรักษาความเป็นระเบียบเรียบร้อย,ประจำ,19817200.0
สำนักงานเขตลาดกระบัง,แผนงานการโยธา,ประจำ,78123300.0
สำนักงานเขตลาดกระบัง,แผนงานจัดการระบายน้ำและแก้ไขปัญหาน้ำท่วม,ประจำ,21658100.0
สำนักงานเขตลาดกระบัง,แผนงานพัฒนาสภาวะสิ่งแวดล้อม,ประจำ,39381200.0
สำนักงานเขตลาดกระบัง,แผนงานพัฒนาชุมชน,ประจำ,48549000.0
สำนักงานเขตลาดกระบัง,แผนงานอนามัยสิ่งแวดล้อม,ประจำ,6006000.0
สำนักงานเขตลาดกระบัง,แผนงานบริหารการศึกษา,ประจำ,148878000.0
สำนักงานเขตหนองจอก,แผนงานบริหารงานปกครองและทะเบียน,ประจำ,32415100.0
สำนักงานเขตหนองจอก,แผนงานบริหารการคลัง,ประจำ,12414400.0
สำนักงานเขตหนองจอก,แผนงานรักษาความสะอาด,ประจำ,93885700.0
สำนักงานเขตหนองจอก,แผนงานรักษาความเป็นระเบียบเรียบร้อย,ประจำ,19928900.0
สำนักงานเขตหนองจอก,แผนงานการโยธา,ประจำ,80592700.0
สำนักงานเขตหนองจอก,แผนงานจัดการระบายน้ำและแก้ไขปัญหาน้ำท่วม,ประจำ,19809400.0
สำนักงานเขตหนองจอก,แผนงานพัฒนาสภาวะสิ่งแวดล้อม,ประจำ,36934800.0
สำนักงานเขตหนองจอก,แผนงานพัฒนาชุมชน,ประจำ,72534800.0
สำนักงานเขตหนองจอก,แผนงานอนามัยสิ่งแวดล้อม,ประจำ,6397400.0
สำนักงานเขตหนองจอก,แผนงานบริหารการศึกษา,ประจำ,214449800.0
สำนักงานเขตธนบุรี,แผนงานบริหารงานปกครองและทะเบียน,ประจำ,28360500.0
สำนักงานเขตธนบุรี,แผนงานบริหารการคลัง,ประจำ,11562500.0
สำนักงานเขตธนบุรี,แผนงานรักษาความสะอาด,ประจำ,164214300.0
สำนักงานเขตธนบุรี,แผนงานรักษาความเป็นระเบียบเรียบร้อย,ประจำ,22683900.0
สำนักงานเขตธนบุรี,แผนงานการโยธา,ประจำ,29220600.0
สำนักงานเขตธนบุรี,แผนงานจัดการระบายน้ำและแก้ไขปัญหาน้ำท่วม,ประจำ,21102100.0
สำนักงานเขตธนบุรี,แผนงานพัฒนาสภาวะสิ่งแวดล้อม,ประจำ,21314800.0
สำนักงานเขตธนบุรี,แผนงานพัฒนาชุมชน,ประจำ,20726200.0
สำนักงานเขตธนบุรี,แผนงานอนามัยสิ่งแวดล้อม,ประจำ,5435900.0
สำนักงานเขตธนบุรี,แผนงานบริหารการศึกษา,ประจำ,72484100.0
สำนักงานเขตคลองสาน,แผนงานบริหารงานปกครองและทะเบียน,ประจำ,26849900.0
สำนักงานเขตคลองสาน,แผนงานบริหารการคลัง,ประจำ,10823700.0
สำนักงานเขตคลองสาน,แผนงานรักษาความสะอาด,ประจำ,120720400.0
สำนักงานเขตคลองสาน,แผนงานรักษาความเป็นระเบียบเรียบร้อย,ประจำ,22063900.0
สำนักงานเขตคลองสาน,แผนงานการโยธา,ประจำ,20654300.0
สำนักงานเขตคลองสาน,แผนงานจัดการระบายน้ำและแก้ไขปัญหาน้ำท่วม,ประจำ,9481400.0
สำนักงานเขตคลองสาน,แผนงานพัฒนาสภาวะสิ่งแวดล้อม,ประจำ,20835500.0
สำนักงานเขตคลองสาน,แผนงานพัฒนาชุมชน,ประจำ,16381900.0
สำนักงานเขตคลองสาน,แผนงานอนามัยสิ่งแวดล้อม,ประจำ,6052000.0
สำนักงานเขตคลองสาน,แผนงานบริหารการศึกษา,ประจำ,55539000.0
สำนักงานเขตบางกอกใหญ่,แผนงานบริหารงานปกครองและทะเบียน,ประจำ,27017100.0
สำนักงานเขตบางกอกใหญ่,แผนงานบริหารการคลัง,ประจำ,10302300.0
สำนักงานเขตบางกอกใหญ่,แผนงานรักษาความสะอาด,ประจำ,97332400.0
สำนักงานเขตบางกอกใหญ่,แผนงานรักษาความเป็นระเบียบเรียบร้อย,ประจำ,13548400.0
สำนักงานเขตบางกอกใหญ่,แผนงานการโยธา,ประจำ,17889100.0
สำนักงานเขตบางกอกใหญ่,แผนงานจัดการระบายน้ำและแก้ไขปัญหาน้ำท่วม,ประจำ,34636000.0
สำนักงานเขตบางกอกใหญ่,แผนงานพัฒนาสภาวะสิ่งแวดล้อม,ประจำ,13464900.0
สำนักงานเขตบางกอกใหญ่,แผนงานพัฒนาชุมชน,ประจำ,11384700.0
สำนักงานเขตบางกอกใหญ่,แผนงานอนามัยสิ่งแวดล้อม,ประจำ,6702500.0
สำนักงานเขตบางกอกใหญ่,แผนงานบริหารการศึกษา,ประจำ,35661500.0
สำนักงานเขตบางกอกน้อย,แผนงานบริหารงานปกครองและทะเบียน,ประจำ,45748900.0
สำนักงานเขตบางกอกน้อย,แผนงานบริหารการคลัง,ประจำ,10545300.0
สำนักงานเขตบางกอกน้อย,แผนงานรักษาความสะอาด,ประจำ,152383300.0
สำนักงานเขตบางกอกน้อย,แผนงานรักษาความเป็นระเบียบเรียบร้อย,ประจำ,23892400.0
สำนักงานเขตบางกอกน้อย,แผนงานการโยธา,ประจำ,19732700.0
สำนักงานเขตบางกอกน้อย,แผนงานจัดการระบายน้ำและแก้ไขปัญหาน้ำท่วม,ประจำ,50636188.0
สำนักงานเขตบางกอกน้อย,แผนงานพัฒนาสภาวะสิ่งแวดล้อม,ประจำ,12214200.0
สำนักงานเขตบางกอกน้อย,แผนงานพัฒนาชุมชน,ประจำ,38125200.0
สำนักงานเขตบางกอกน้อย,แผนงานอนามัยสิ่งแวดล้อม,ประจำ,7870300.0
สำนักงานเขตบางกอกน้อย,แผนงานบริหารการศึกษา,ประจำ,55342900.0
สำนักงานเขตตลิ่งชัน,แผนงานบริหารงานปกครองและทะเบียน,ประจำ,25520040.0
สำนักงานเขตตลิ่งชัน,แผนงานบริหารการคลัง,ประจำ,11529400.0
สำนักงานเขตตลิ่งชัน,แผนงานรักษาความสะอาด,ประจำ,102870200.0
สำนักงานเขตตลิ่งชัน,แผนงานรักษาความเป็นระเบียบเรียบร้อย,ประจำ,18683800.0
สำนักงานเขตตลิ่งชัน,แผนงานการโยธา,ประจำ,77956600.0
สำนักงานเขตตลิ่งชัน,แผนงานจัดการระบายน้ำและแก้ไขปัญหาน้ำท่วม,ประจำ,11723400.0
สำนักงานเขตตลิ่งชัน,แผนงานพัฒนาสภาวะสิ่งแวดล้อม,ประจำ,39335700.0
สำนักงานเขตตลิ่งชัน,แผนงานพัฒนาชุมชน,ประจำ,22623500.0
สำนักงานเขตตลิ่งชัน,แผนงานอนามัยสิ่งแวดล้อม,ประจำ,6399400.0
สำนักงานเขตตลิ่งชัน,แผนงานบริหารการศึกษา,ประจำ,85567600.0
สำนักงานเขตภาษีเจริญ,แผนงานบริหารงานปกครองและทะเบียน,ประจำ,30860800.0
สำนักงานเขตภาษีเจริญ,แผนงานบริหารการคลัง,ประจำ,11114400.0
สำนักงานเขตภาษีเจริญ,แผนงานรักษาความสะอาด,ประจำ,113150900.0
สำนักงานเขตภาษีเจริญ,แผนงานรักษาความเป็นระเบียบเรียบร้อย,ประจำ,22362300.0
สำนักงานเขตภาษีเจริญ,แผนงานการโยธา,ประจำ,35188900.0
สำนักงานเขตภาษีเจริญ,แผนงานจัดการระบายน้ำและแก้ไขปัญหาน้ำท่วม,ประจำ,17859700.0
สำนักงานเขตภาษีเจริญ,แผนงานพัฒนาสภาวะสิ่งแวดล้อม,ประจำ,18993700.0
สำนักงานเขตภาษีเจริญ,แผนงานพัฒนาชุมชน,ประจำ,18363600.0
สำนักงานเขตภาษีเจริญ,แผนงานอนามัยสิ่งแวดล้อม,ประจำ,6349900.0
สำนักงานเขตภาษีเจริญ,แผนงานบริหารการศึกษา,ประจำ,110373300.0
สำนักงานเขตหนองแขม,แผนงานบริหารงานปกครองและทะเบียน,ประจำ,30763600.0
สำนักงานเขตหนองแขม,แผนงานบริหารการคลัง,ประจำ,13242800.0
สำนักงานเขตหนองแขม,แผนงานรักษาความสะอาด,ประจำ,103442000.0
สำนักงานเขตหนองแขม,แผนงานรักษาความเป็นระเบียบเรียบร้อย,ประจำ,16111800.0
สำนักงานเขตหนองแขม,แผนงานการโยธา,ประจำ,59526300.0
สำนักงานเขตหนองแขม,แผนงานจัดการระบายน้ำและแก้ไขปัญหาน้ำท่วม,ประจำ,19077500.0
สำนักงานเขตหนองแขม,แผนงานพัฒนาสภาวะสิ่งแวดล้อม,ประจำ,34385200.0
สำนักงานเขตหนองแขม,แผนงานพัฒนาชุมชน,ประจำ,61318000.0
สำนักงานเขตหนองแขม,แผนงานอนามัยสิ่งแวดล้อม,ประจำ,5738900.0
สำนักงานเขตหนองแขม,แผนงานบริหารการศึกษา,ประจำ,77299300.0
สำนักงานเขตบางขุนเทียน,แผนงานบริหารงานปกครองและทะเบียน,ประจำ,35671300.0
สำนักงานเขตบางขุนเทียน,แผนงานบริหารการคลัง,ประจำ,12618100.0
สำนักงานเขตบางขุนเทียน,แผนงานรักษาความสะอาด,ประจำ,151825100.0
สำนักงานเขตบางขุนเทียน,แผนงานรักษาความเป็นระเบียบเรียบร้อย,ประจำ,19210600.0
สำนักงานเขตบางขุนเทียน,แผนงานการโยธา,ประจำ,94918800.0
สำนักงานเขตบางขุนเทียน,แผนงานจัดการระบายน้ำและแก้ไขปัญหาน้ำท่วม,ประจำ,24594700.0
สำนักงานเขตบางขุนเทียน,แผนงานพัฒนาสภาวะสิ่งแวดล้อม,ประจำ,24387500.0
สำนักงานเขตบางขุนเทียน,แผนงานพัฒนาชุมชน,ประจำ,27092900.0
สำนักงานเขตบางขุนเทียน,แผนงานอนามัยสิ่งแวดล้อม,ประจำ,7353000.0
สำนักงานเขตบางขุนเทียน,แผนงานบริหารการศึกษา,ประจำ,181625000.0
สำนักงานเขตราษฎร์บูรณะ,แผนงานบริหารงานปกครองและทะเบียน,ประจำ,29003500.0
สำนักงานเขตราษฎร์บูรณะ,แผนงานบริหารการคลัง,ประจำ,11723700.0
สำนักงานเขตราษฎร์บูรณะ,แผนงานรักษาความสะอาด,ประจำ,103980800.0
สำนักงานเขตราษฎร์บูรณะ,แผนงานรักษาความเป็นระเบียบเรียบร้อย,ประจำ,17566100.0
สำนักงานเขตราษฎร์บูรณะ,แผนงานการโยธา,ประจำ,13363700.0
สำนักงานเขตราษฎร์บูรณะ,แผนงานจัดการระบายน้ำและแก้ไขปัญหาน้ำท่วม,ประจำ,29062100.0
สำนักงานเขตราษฎร์บูรณะ,แผนงานพัฒนาสภาวะสิ่งแวดล้อม,ประจำ,20921000.0
สำนักงานเขตราษฎร์บูรณะ,แผนงานพัฒนาชุมชน,ประจำ,17128300.0
สำนักงานเขตราษฎร์บูรณะ,แผนงานอนามัยสิ่งแวดล้อม,ประจำ,6312600.0
สำนักงานเขตราษฎร์บูรณะ,แผนงานบริหารการศึกษา,ประจำ,49667200.0
สำนักงานเขตดอนเมือง,แผนงานบริหารงานปกครองและทะเบียน,ประจำ,29849000.0
สำนักงานเขตดอนเมือง,แผนงานบริหารการคลัง,ประจำ,11201000.0
สำนักงานเขตดอนเมือง,แผนงานรักษาความสะอาด,ประจำ,123195500.0
สำนักงานเขตดอนเมือง,แผนงานรักษาความเป็นระเบียบเรียบร้อย,ประจำ,18582500.0
สำนักงานเขตดอนเมือง,แผนงานการโยธา,ประจำ,77035000.0
สำนักงานเขตดอนเมือง,แผนงานจัดการระบายน้ำและแก้ไขปัญหาน้ำท่วม,ประจำ,24314200.0
สำนักงานเขตดอนเมือง,แผนงานพัฒนาสภาวะสิ่งแวดล้อม,ประจำ,27481900.0
สำนักงานเขตดอนเมือง,แผนงานพัฒนาชุมชน,ประจำ,29349400.0
สำนักงานเขตดอนเมือง,แผนงานอนามัยสิ่งแวดล้อม,ประจำ,4478600.0
สำนักงานเขตดอนเมือง,แผนงานบริหารการศึกษา,ประจำ,77266700.0
สำนักงานเขตจตุจักร,แผนงานบริหารงานปกครองและทะเบียน,ประจำ,30563700.0
สำนักงานเขตจตุจักร,แผนงานบริหารการคลัง,ประจำ,12730500.0
สำนักงานเขตจตุจักร,แผนงานรักษาความสะอาด,ประจำ,236229900.0
สำนักงานเขตจตุจักร,แผนงานรักษาความเป็นระเบียบเรียบร้อย,ประจำ,27277200.0
สำนักงานเขตจตุจักร,แผนงานการโยธา,ประจำ,55246900.0
สำนักงานเขตจตุจักร,แผนงานจัดการระบายน้ำและแก้ไขปัญหาน้ำท่วม,ประจำ,14512000.0
สำนักงานเขตจตุจักร,แผนงานพัฒนาสภาวะสิ่งแวดล้อม,ประจำ,30886500.0
สำนักงานเขตจตุจักร,แผนงานพัฒนาชุมชน,ประจำ,37381400.0
สำนักงานเขตจตุจักร,แผนงานอนามัยสิ่งแวดล้อม,ประจำ,8091900.0
สำนักงานเขตจตุจักร,แผนงานบริหารการศึกษา,ประจำ,81797800.0
สำนักงานเขตลาดพร้าว,แผนงานบริหารงานปกครองและทะเบียน,ประจำ,30074100.0
สำนักงานเขตลาดพร้าว,แผนงานบริหารการคลัง,ประจำ,11652800.0
สำนักงานเขตลาดพร้าว,แผนงานรักษาความสะอาด,ประจำ,123825000.0
สำนักงานเขตลาดพร้าว,แผนงานรักษาความเป็นระเบียบเรียบร้อย,ประจำ,14818400.0
สำนักงานเขตลาดพร้าว,แผนงานการโยธา,ประจำ,54293400.0
สำนักงานเขตลาดพร้าว,แผนงานจัดการระบายน้ำและแก้ไขปัญหาน้ำท่วม,ประจำ,33222200.0
สำนักงานเขตลาดพร้าว,แผนงานพัฒนาสภาวะสิ่งแวดล้อม,ประจำ,21658100.0
สำนักงานเขตลาดพร้าว,แผนงานพัฒนาชุมชน,ประจำ,23341400.0
สำนักงานเขตลาดพร้าว,แผนงานอนามัยสิ่งแวดล้อม,ประจำ,6752600.0
สำนักงานเขตลาดพร้าว,แผนงานบริหารการศึกษา,ประจำ,57084000.0
สำนักงานเขตบึงกุ่ม,แผนงานบริหารงานปกครองและทะเบียน,ประจำ,26377900.0
สำนักงานเขตบึงกุ่ม,แผนงานบริหารการคลัง,ประจำ,10627900.0
สำนักงานเขตบึงกุ่ม,แผนงานรักษาความสะอาด,ประจำ,98985000.0
สำนักงานเขตบึงกุ่ม,แผนงานรักษาความเป็นระเบียบเรียบร้อย,ประจำ,13705100.0
สำนักงานเขตบึงกุ่ม,แผนงานการโยธา,ประจำ,52763300.0
สำนักงานเขตบึงกุ่ม,แผนงานจัดการระบายน้ำและแก้ไขปัญหาน้ำท่วม,ประจำ,16716300.0
สำนักงานเขตบึงกุ่ม,แผนงานพัฒนาสภาวะสิ่งแวดล้อม,ประจำ,18844400.0
สำนักงานเขตบึงกุ่ม,แผนงานพัฒนาชุมชน,ประจำ,28285900.0
สำนักงานเขตบึงกุ่ม,แผนงานอนามัยสิ่งแวดล้อม,ประจำ,5127800.0
สำนักงานเขตบึงกุ่ม,แผนงานบริหารการศึกษา,ประจำ,83415100.0
สำนักงานเขตสาทร,แผนงานบริหารงานปกครองและทะเบียน,ประจำ,30721800.0
สำนักงานเขตสาทร,แผนงานบริหารการคลัง,ประจำ,10831600.0
สำนักงานเขตสาทร,แผนงานรักษาความสะอาด,ประจำ,122219000.0
สำนักงานเขตสาทร,แผนงานรักษาความเป็นระเบียบเรียบร้อย,ประจำ,17974400.0
สำนักงานเขตสาทร,แผนงานการโยธา,ประจำ,55399600.0
สำนักงานเขตสาทร,แผนงานจัดการระบายน้ำและแก้ไขปัญหาน้ำท่วม,ประจำ,11265600.0
สำนักงานเขตสาทร,แผนงานพัฒนาสภาวะสิ่งแวดล้อม,ประจำ,17551300.0
สำนักงานเขตสาทร,แผนงานพัฒนาชุมชน,ประจำ,17487100.0
สำนักงานเขตสาทร,แผนงานอนามัยสิ่งแวดล้อม,ประจำ,6271100.0
สำนักงานเขตสาทร,แผนงานบริหารการศึกษา,ประจำ,16087500.0
สำนักงานเขตบางคอแหลม,แผนงานบริหารงานปกครองและทะเบียน,ประจำ,25185600.0
สำนักงานเขตบางคอแหลม,แผนงานบริหารการคลัง,ประจำ,10555500.0
สำนักงานเขตบางคอแหลม,แผนงานรักษาความสะอาด,ประจำ,109085300.0
สำนักงานเขตบางคอแหลม,แผนงานรักษาความเป็นระเบียบเรียบร้อย,ประจำ,15629200.0
สำนักงานเขตบางคอแหลม,แผนงานการโยธา,ประจำ,22628900.0
สำนักงานเขตบางคอแหลม,แผนงานจัดการระบายน้ำและแก้ไขปัญหาน้ำท่วม,ประจำ,24776500.0
สำนักงานเขตบางคอแหลม,แผนงานพัฒนาสภาวะสิ่งแวดล้อม,ประจำ,15125500.0
สำนักงานเขตบางคอแหลม,แผนงานพัฒนาชุมชน,ประจำ,36964200.0
สำนักงานเขตบางคอแหลม,แผนงานอนามัยสิ่งแวดล้อม,ประจำ,6983100.0
สำนักงานเขตบางคอแหลม,แผนงานบริหารการศึกษา,ประจำ,39999200.0
สำนักงานเขตบางซื่อ,แผนงานบริหารงานปกครองและทะเบียน,ประจำ,32592800.0
สำนักงานเขตบางซื่อ,แผนงานบริหารการคลัง,ประจำ,10886000.0
สำนักงานเขตบางซื่อ,แผนงานรักษาความสะอาด,ประจำ,128588600.0
สำนักงานเขตบางซื่อ,แผนงานรักษาความเป็นระเบียบเรียบร้อย,ประจำ,22416700.0
สำนักงานเขตบางซื่อ,แผนงานการโยธา,ประจำ,42508800.0
สำนักงานเขตบางซื่อ,แผนงานจัดการระบายน้ำและแก้ไขปัญหาน้ำท่วม,ประจำ,17493300.0
สำนักงานเขตบางซื่อ,แผนงานพัฒนาสภาวะสิ่งแวดล้อม,ประจำ,17496100.0
สำนักงานเขตบางซื่อ,แผนงานพัฒนาชุมชน,ประจำ,21961500.0
สำนักงานเขตบางซื่อ,แผนงานอนามัยสิ่งแวดล้อม,ประจำ,6326600.0
สำนักงานเขตบางซื่อ,แผนงานบริหารการศึกษา,ประจำ,48702500.0
สำนักงานเขตราชเทวี,แผนงานบริหารงานปกครองและทะเบียน,ประจำ,28496300.0
สำนักงานเขตราชเทวี,แผนงานบริหารการคลัง,ประจำ,19846400.0
สำนักงานเขตราชเทวี,แผนงานรักษาความสะอาด,ประจำ,153373400.0
สำนักงานเขตราชเทวี,แผนงานรักษาความเป็นระเบียบเรียบร้อย,ประจำ,25379500.0
สำนักงานเขตราชเทวี,แผนงานการโยธา,ประจำ,49723000.0
สำนักงานเขตราชเทวี,แผนงานจัดการระบายน้ำและแก้ไขปัญหาน้ำท่วม,ประจำ,6021300.0
สำนักงานเขตราชเทวี,แผนงานพัฒนาสภาวะสิ่งแวดล้อม,ประจำ,32427400.0
สำนักงานเขตราชเทวี,แผนงานพัฒนาชุมชน,ประจำ,24753500.0
สำนักงานเขตราชเทวี,แผนงานอนามัยสิ่งแวดล้อม,ประจำ,5300600.0
สำนักงานเขตราชเทวี,แผนงานบริหารการศึกษา,ประจำ,24536100.0
สำนักงานเขตคลองเตย,แผนงานบริหารงานปกครองและทะเบียน,ประจำ,29963400.0
สำนักงานเขตคลองเตย,แผนงานบริหารการคลัง,ประจำ,9741700.0
สำนักงานเขตคลองเตย,แผนงานรักษาความสะอาด,ประจำ,170532500.0
สำนักงานเขตคลองเตย,แผนงานรักษาความเป็นระเบียบเรียบร้อย,ประจำ,22908500.0
สำนักงานเขตคลองเตย,แผนงานการโยธา,ประจำ,35015280.0
สำนักงานเขตคลองเตย,แผนงานจัดการระบายน้ำและแก้ไขปัญหาน้ำท่วม,ประจำ,10911300.0
สำนักงานเขตคลองเตย,แผนงานพัฒนาสภาวะสิ่งแวดล้อม,ประจำ,24101500.0
สำนักงานเขตคลองเตย,แผนงานพัฒนาชุมชน,ประจำ,45283500.0
สำนักงานเขตคลองเตย,แผนงานอนามัยสิ่งแวดล้อม,ประจำ,6045300.0
สำนักงานเขตคลองเตย,แผนงานบริหารการศึกษา,ประจำ,31359020.0
สำนักงานเขตประเวศ,แผนงานบริหารงานปกครองและทะเบียน,ประจำ,55916700.0
สำนักงานเขตประเวศ,แผนงานบริหารการคลัง,ประจำ,11408800.0
สำนักงานเขตประเวศ,แผนงานรักษาความสะอาด,ประจำ,132682200.0
สำนักงานเขตประเวศ,แผนงานรักษาความเป็นระเบียบเรียบร้อย,ประจำ,16283000.0
สำนักงานเขตประเวศ,แผนงานการโยธา,ประจำ,133763200.0
สำนักงานเขตประเวศ,แผนงานจัดการระบายน้ำและแก้ไขปัญหาน้ำท่วม,ประจำ,36937200.0
สำนักงานเขตประเวศ,แผนงานพัฒนาสภาวะสิ่งแวดล้อม,ประจำ,30043400.0
สำนักงานเขตประเวศ,แผนงานพัฒนาชุมชน,ประจำ,31541900.0
สำนักงานเขตประเวศ,แผนงานอนามัยสิ่งแวดล้อม,ประจำ,5421900.0
สำนักงานเขตประเวศ,แผนงานบริหารการศึกษา,ประจำ,130809700.0
สำนักงานเขตบางพลัด,แผนงานบริหารงานปกครองและทะเบียน,ประจำ,26084200.0
สำนักงานเขตบางพลัด,แผนงานบริหารการคลัง,ประจำ,12881400.0
สำนักงานเขตบางพลัด,แผนงานรักษาความสะอาด,ประจำ,113032800.0
สำนักงานเขตบางพลัด,แผนงานรักษาความเป็นระเบียบเรียบร้อย,ประจำ,16780700.0
สำนักงานเขตบางพลัด,แผนงานการโยธา,ประจำ,13720000.0
สำนักงานเขตบางพลัด,แผนงานจัดการระบายน้ำและแก้ไขปัญหาน้ำท่วม,ประจำ,24454200.0
สำนักงานเขตบางพลัด,แผนงานพัฒนาสภาวะสิ่งแวดล้อม,ประจำ,13786200.0
สำนักงานเขตบางพลัด,แผนงานพัฒนาชุมชน,ประจำ,31708400.0
สำนักงานเขตบางพลัด,แผนงานอนามัยสิ่งแวดล้อม,ประจำ,5578500.0
สำนักงานเขตบางพลัด,แผนงานบริหารการศึกษา,ประจำ,53847400.0
สำนักงานเขตจอมทอง,แผนงานบริหารงานปกครองและทะเบียน,ประจำ,27366300.0
สำนักงานเขตจอมทอง,แผนงานบริหารการคลัง,ประจำ,11838300.0
สำนักงานเขตจอมทอง,แผนงานรักษาความสะอาด,ประจำ,143871800.0
สำนักงานเขตจอมทอง,แผนงานรักษาความเป็นระเบียบเรียบร้อย,ประจำ,22857100.0
สำนักงานเขตจอมทอง,แผนงานการโยธา,ประจำ,24848300.0
สำนักงานเขตจอมทอง,แผนงานจัดการระบายน้ำและแก้ไขปัญหาน้ำท่วม,ประจำ,20442600.0
สำนักงานเขตจอมทอง,แผนงานพัฒนาสภาวะสิ่งแวดล้อม,ประจำ,21374700.0
สำนักงานเขตจอมทอง,แผนงานพัฒนาชุมชน,ประจำ,19379500.0
สำนักงานเขตจอมทอง,แผนงานอนามัยสิ่งแวดล้อม,ประจำ,6505100.0
สำนักงานเขตจอมทอง,แผนงานบริหารการศึกษา,ประจำ,98038300.0
สำนักงานเขตดินแดง,แผนงานบริหารงานปกครองและทะเบียน,ประจำ,25931600.0
สำนักงานเขตดินแดง,แผนงานบริหารการคลัง,ประจำ,11551800.0
สำนักงานเขตดินแดง,แผนงานรักษาความสะอาด,ประจำ,145317600.0
สำนักงานเขตดินแดง,แผนงานรักษาความเป็นระเบียบเรียบร้อย,ประจำ,20564400.0
สำนักงานเขตดินแดง,แผนงานการโยธา,ประจำ,19108200.0
สำนักงานเขตดินแดง,แผนงานจัดการระบายน้ำและแก้ไขปัญหาน้ำท่วม,ประจำ,10834600.0
สำนักงานเขตดินแดง,แผนงานพัฒนาสภาวะสิ่งแวดล้อม,ประจำ,18704500.0
สำนักงานเขตดินแดง,แผนงานพัฒนาชุมชน,ประจำ,18361800.0
สำนักงานเขตดินแดง,แผนงานอนามัยสิ่งแวดล้อม,ประจำ,6068300.0
สำนักงานเขตดินแดง,แผนงานบริหารการศึกษา,ประจำ,54561200.0
สำนักงานเขตสวนหลวง,แผนงานบริหารงานปกครองและทะเบียน,ประจำ,27204700.0
สำนักงานเขตสวนหลวง,แผนงานบริหารการคลัง,ประจำ,11602800.0
สำนักงานเขตสวนหลวง,แผนงานรักษาความสะอาด,ประจำ,133244700.0
สำนักงานเขตสวนหลวง,แผนงานรักษาความเป็นระเบียบเรียบร้อย,ประจำ,19177700.0
สำนักงานเขตสวนหลวง,แผนงานการโยธา,ประจำ,25281100.0
สำนักงานเขตสวนหลวง,แผนงานจัดการระบายน้ำและแก้ไขปัญหาน้ำท่วม,ประจำ,19141800.0
สำนักงานเขตสวนหลวง,แผนงานพัฒนาสภาวะสิ่งแวดล้อม,ประจำ,23565000.0
สำนักงานเขตสวนหลวง,แผนงานพัฒนาชุมชน,ประจำ,36658600.0
สำนักงานเขตสวนหลวง,แผนงานอนามัยสิ่งแวดล้อม,ประจำ,6171300.0
สำนักงานเขตสวนหลวง,แผนงานบริหารการศึกษา,ประจำ,69917300.0
สำนักงานเขตวัฒนา,แผนงานบริหารงานปกครองและทะเบียน,ประจำ,32624000.0
สำนักงานเขตวัฒนา,แผนงานบริหารการคลัง,ประจำ,11486300.0
สำนักงานเขตวัฒนา,แผนงานรักษาความสะอาด,ประจำ,137194100.0
สำนักงานเขตวัฒนา,แผนงานรักษาความเป็นระเบียบเรียบร้อย,ประจำ,20076300.0
สำนักงานเขตวัฒนา,แผนงานการโยธา,ประจำ,45319600.0
สำนักงานเขตวัฒนา,แผนงานจัดการระบายน้ำและแก้ไขปัญหาน้ำท่วม,ประจำ,10265700.0
สำนักงานเขตวัฒนา,แผนงานพัฒนาสภาวะสิ่งแวดล้อม,ประจำ,12906200.0
สำนักงานเขตวัฒนา,แผนงานพัฒนาชุมชน,ประจำ,13428600.0
สำนักงานเขตวัฒนา,แผนงานอนามัยสิ่งแวดล้อม,ประจำ,7651200.0
สำนักงานเขตวัฒนา,แผนงานบริหารการศึกษา,ประจำ,50802000.0
สำนักงานเขตบางแค,แผนงานบริหารงานปกครองและทะเบียน,ประจำ,26959100.0
สำนักงานเขตบางแค,แผนงานบริหารการคลัง,ประจำ,11313300.0
สำนักงานเขตบางแค,แผนงานรักษาความสะอาด,ประจำ,147926300.0
สำนักงานเขตบางแค,แผนงานรักษาความเป็นระเบียบเรียบร้อย,ประจำ,23186200.0
สำนักงานเขตบางแค,แผนงานการโยธา,ประจำ,46123200.0
สำนักงานเขตบางแค,แผนงานจัดการระบายน้ำและแก้ไขปัญหาน้ำท่วม,ประจำ,33592500.0
สำนักงานเขตบางแค,แผนงานพัฒนาสภาวะสิ่งแวดล้อม,ประจำ,37976000.0
สำนักงานเขตบางแค,แผนงานพัฒนาชุมชน,ประจำ,27781400.0
สำนักงานเขตบางแค,แผนงานอนามัยสิ่งแวดล้อม,ประจำ,6743700.0
สำนักงานเขตบางแค,แผนงานบริหารการศึกษา,ประจำ,116158700.0
สำนักงานเขตหลักสี่,แผนงานบริหารงานปกครองและทะเบียน,ประจำ,38698900.0
สำนักงานเขตหลักสี่,แผนงานบริหารการคลัง,ประจำ,10601000.0
สำนักงานเขตหลักสี่,แผนงานรักษาความสะอาด,ประจำ,111476600.0
สำนักงานเขตหลักสี่,แผนงานรักษาความเป็นระเบียบเรียบร้อย,ประจำ,13082900.0
สำนักงานเขตหลักสี่,แผนงานการโยธา,ประจำ,48730500.0
สำนักงานเขตหลักสี่,แผนงานจัดการระบายน้ำและแก้ไขปัญหาน้ำท่วม,ประจำ,13930900.0
สำนักงานเขตหลักสี่,แผนงานพัฒนาสภาวะสิ่งแวดล้อม,ประจำ,22011200.0
สำนักงานเขตหลักสี่,แผนงานพัฒนาชุมชน,ประจำ,27961600.0
สำนักงานเขตหลักสี่,แผนงานอนามัยสิ่งแวดล้อม,ประจำ,6154600.0
สำนักงานเขตหลักสี่,แผนงานบริหารการศึกษา,ประจำ,54240800.0
สำนักงานเขตสายไหม,แผนงานบริหารงานปกครองและทะเบียน,ประจำ,30451800.0
สำนักงานเขตสายไหม,แผนงานบริหารการคลัง,ประจำ,9787300.0
สำนักงานเขตสายไหม,แผนงานรักษาความสะอาด,ประจำ,100653100.0
สำนักงานเขตสายไหม,แผนงานรักษาความเป็นระเบียบเรียบร้อย,ประจำ,13716500.0
สำนักงานเขตสายไหม,แผนงานการโยธา,ประจำ,70118100.0
สำนักงานเขตสายไหม,แผนงานจัดการระบายน้ำและแก้ไขปัญหาน้ำท่วม,ประจำ,19073900.0
สำนักงานเขตสายไหม,แผนงานพัฒนาสภาวะสิ่งแวดล้อม,ประจำ,18439800.0
สำนักงานเขตสายไหม,แผนงานพัฒนาชุมชน,ประจำ,35078300.0
สำนักงานเขตสายไหม,แผนงานอนามัยสิ่งแวดล้อม,ประจำ,5305800.0
สำนักงานเขตสายไหม,แผนงานบริหารการศึกษา,ประจำ,115397400.0
สำนักงานเขตคันนายาว,แผนงานบริหารงานปกครองและทะเบียน,ประจำ,33771100.0
สำนักงานเขตคันนายาว,แผนงานบริหารการคลัง,ประจำ,10292500.0
สำนักงานเขตคันนายาว,แผนงานรักษาความสะอาด,ประจำ,93434900.0
สำนักงานเขตคันนายาว,แผนงานรักษาความเป็นระเบียบเรียบร้อย,ประจำ,11691900.0
สำนักงานเขตคันนายาว,แผนงานการโยธา,ประจำ,30263400.0
สำนักงานเขตคันนายาว,แผนงานจัดการระบายน้ำและแก้ไขปัญหาน้ำท่วม,ประจำ,15713200.0
สำนักงานเขตคันนายาว,แผนงานพัฒนาสภาวะสิ่งแวดล้อม,ประจำ,27699900.0
สำนักงานเขตคันนายาว,แผนงานพัฒนาชุมชน,ประจำ,19530400.0
สำนักงานเขตคันนายาว,แผนงานอนามัยสิ่งแวดล้อม,ประจำ,6770300.0
สำนักงานเขตคันนายาว,แผนงานบริหารการศึกษา,ประจำ,24871300.0
สำนักงานเขตสะพานสูง,แผนงานบริหารงานปกครองและทะเบียน,ประจำ,22570900.0
สำนักงานเขตสะพานสูง,แผนงานบริหารการคลัง,ประจำ,9435700.0
สำนักงานเขตสะพานสูง,แผนงานรักษาความสะอาด,ประจำ,74860500.0
สำนักงานเขตสะพานสูง,แผนงานรักษาความเป็นระเบียบเรียบร้อย,ประจำ,12363600.0
สำนักงานเขตสะพานสูง,แผนงานการโยธา,ประจำ,56597300.0
สำนักงานเขตสะพานสูง,แผนงานจัดการระบายน้ำและแก้ไขปัญหาน้ำท่วม,ประจำ,24229900.0
สำนักงานเขตสะพานสูง,แผนงานพัฒนาสภาวะสิ่งแวดล้อม,ประจำ,24499900.0
สำนักงานเขตสะพานสูง,แผนงานพัฒนาชุมชน,ประจำ,54007800.0
สำนักงานเขตสะพานสูง,แผนงานอนามัยสิ่งแวดล้อม,ประจำ,5720500.0
สำนักงานเขตสะพานสูง,แผนงานบริหารการศึกษา,ประจำ,51014900.0
สำนักงานเขตวังทองหลาง,แผนงานบริหารงานปกครองและทะเบียน,ประจำ,26266000.0
สำนักงานเขตวังทองหลาง,แผนงานบริหารการคลัง,ประจำ,9500800.0
สำนักงานเขตวังทองหลาง,แผนงานรักษาความสะอาด,ประจำ,120257200.0
สำนักงานเขตวังทองหลาง,แผนงานรักษาความเป็นระเบียบเรียบร้อย,ประจำ,13243600.0
สำนักงานเขตวังทองหลาง,แผนงานการโยธา,ประจำ,75970400.0
สำนักงานเขตวังทองหลาง,แผนงานจัดการระบายน้ำและแก้ไขปัญหาน้ำท่วม,ประจำ,16067600.0
สำนักงานเขตวังทองหลาง,แผนงานพัฒนาสภาวะสิ่งแวดล้อม,ประจำ,19244200.0
สำนักงานเขตวังทองหลาง,แผนงานพัฒนาชุมชน,ประจำ,21240400.0
สำนักงานเขตวังทองหลาง,แผนงานอนามัยสิ่งแวดล้อม,ประจำ,4550000.0
สำนักงานเขตวังทองหลาง,แผนงานบริหารการศึกษา,ประจำ,22310800.0
สำนักงานเขตคลองสามวา,แผนงานบริหารงานปกครองและทะเบียน,ประจำ,25853300.0
สำนักงานเขตคลองสามวา,แผนงานบริหารการคลัง,ประจำ,11811900.0
สำนักงานเขตคลองสามวา,แผนงานรักษาความสะอาด,ประจำ,101714900.0
สำนักงานเขตคลองสามวา,แผนงานรักษาความเป็นระเบียบเรียบร้อย,ประจำ,13387500.0
สำนักงานเขตคลองสามวา,แผนงานการโยธา,ประจำ,74626700.0
สำนักงานเขตคลองสามวา,แผนงานจัดการระบายน้ำและแก้ไขปัญหาน้ำท่วม,ประจำ,20093400.0
สำนักงานเขตคลองสามวา,แผนงานพัฒนาสภาวะสิ่งแวดล้อม,ประจำ,28242700.0
สำนักงานเขตคลองสามวา,แผนงานพัฒนาชุมชน,ประจำ,29282300.0
สำนักงานเขตคลองสามวา,แผนงานอนามัยสิ่งแวดล้อม,ประจำ,5570900.0
สำนักงานเขตคลองสามวา,แผนงานบริหารการศึกษา,ประจำ,149533400.0
สำนักงานเขตบางนา,แผนงานบริหารงานปกครองและทะเบียน,ประจำ,25492400.0
สำนักงานเขตบางนา,แผนงานบริหารการคลัง,ประจำ,9777900.0
สำนักงานเขตบางนา,แผนงานรักษาความสะอาด,ประจำ,109600900.0
สำนักงานเขตบางนา,แผนงานรักษาความเป็นระเบียบเรียบร้อย,ประจำ,13736100.0
สำนักงานเขตบางนา,แผนงานการโยธา,ประจำ,32924900.0
สำนักงานเขตบางนา,แผนงานจัดการระบายน้ำและแก้ไขปัญหาน้ำท่วม,ประจำ,8188200.0
สำนักงานเขตบางนา,แผนงานพัฒนาสภาวะสิ่งแวดล้อม,ประจำ,19600000.0
สำนักงานเขตบางนา,แผนงานพัฒนาชุมชน,ประจำ,19068200.0
สำนักงานเขตบางนา,แผนงานอนามัยสิ่งแวดล้อม,ประจำ,5727400.0
สำนักงานเขตบางนา,แผนงานบริหารการศึกษา,ประจำ,68858000.0
สำนักงานเขตทวีวัฒนา,แผนงานบริหารงานปกครองและทะเบียน,ประจำ,24384300.0
สำนักงานเขตทวีวัฒนา,แผนงานบริหารการคลัง,ประจำ,10018000.0
สำนักงานเขตทวีวัฒนา,แผนงานรักษาความสะอาด,ประจำ,105012400.0
สำนักงานเขตทวีวัฒนา,แผนงานรักษาความเป็นระเบียบเรียบร้อย,ประจำ,14835700.0
สำนักงานเขตทวีวัฒนา,แผนงานการโยธา,ประจำ,76003600.0
สำนักงานเขตทวีวัฒนา,แผนงานจัดการระบายน้ำและแก้ไขปัญหาน้ำท่วม,ประจำ,10845200.0
สำนักงานเขตทวีวัฒนา,แผนงานพัฒนาสภาวะสิ่งแวดล้อม,ประจำ,41109600.0
สำนักงานเขตทวีวัฒนา,แผนงานพัฒนาชุมชน,ประจำ,20829200.0
สำนักงานเขตทวีวัฒนา,แผนงานอนามัยสิ่งแวดล้อม,ประจำ,8557000.0
สำนักงานเขตทวีวัฒนา,แผนงานบริหารการศึกษา,ประจำ,64584600.0
สำนักงานเขตทุ่งครุ,แผนงานบริหารงานปกครองและทะเบียน,ประจำ,28571900.0
สำนักงานเขตทุ่งครุ,แผนงานบริหารการคลัง,ประจำ,10107700.0
สำนักงานเขตทุ่งครุ,แผนงานรักษาความสะอาด,ประจำ,104100400.0
สำนักงานเขตทุ่งครุ,แผนงานรักษาความเป็นระเบียบเรียบร้อย,ประจำ,13815300.0
สำนักงานเขตทุ่งครุ,แผนงานการโยธา,ประจำ,98895900.0
สำนักงานเขตทุ่งครุ,แผนงานจัดการระบายน้ำและแก้ไขปัญหาน้ำท่วม,ประจำ,13085000.0
สำนักงานเขตทุ่งครุ,แผนงานพัฒนาสภาวะสิ่งแวดล้อม,ประจำ,16023300.0
สำนักงานเขตทุ่งครุ,แผนงานพัฒนาชุมชน,ประจำ,21994200.0
สำนักงานเขตทุ่งครุ,แผนงานอนามัยสิ่งแวดล้อม,ประจำ,5944400.0
สำนักงานเขตทุ่งครุ,แผนงานบริหารการศึกษา,ประจำ,80685900.0
สำนักงานเขตบางบอน,แผนงานบริหารงานปกครองและทะเบียน,ประจำ,24233900.0
สำนักงานเขตบางบอน,แผนงานบริหารการคลัง,ประจำ,10549200.0
สำนักงานเขตบางบอน,แผนงานรักษาความสะอาด,ประจำ,115432400.0
สำนักงานเขตบางบอน,แผนงานรักษาความเป็นระเบียบเรียบร้อย,ประจำ,14871300.0
สำนักงานเขตบางบอน,แผนงานการโยธา,ประจำ,40701700.0
สำนักงานเขตบางบอน,แผนงานจัดการระบายน้ำและแก้ไขปัญหาน้ำท่วม,ประจำ,15107200.0
สำนักงานเขตบางบอน,แผนงานพัฒนาสภาวะสิ่งแวดล้อม,ประจำ,28320300.0
สำนักงานเขตบางบอน,แผนงานพัฒนาชุมชน,ประจำ,11878200.0
สำนักงานเขตบางบอน,แผนงานอนามัยสิ่งแวดล้อม,ประจำ,5956600.0
สำนักงานเขตบางบอน,แผนงานบริหารการศึกษา,ประจำ,85570200.0
มหาวิทยาลัยนวมินทราธิราช,แผนงานบริหารทั่วไป,ประจำ,3134633000.0
สำนักงานสถานธนานุบาลกรุงเทพมหานคร,งบกลาง,ประจำ,11000000.0
สำนักงานสถานธนานุบาลกรุงเทพมหานคร,แผนงานการพาณิชย์ของกรุงเทพมหานคร,ประจำ,131828000.0
สำนักงานสถานธนานุบาลกรุงเทพมหานคร,แผนงานการพาณิชย์ของกรุงเทพมหานคร,พิเศษ,82500000.0
สำนักงานตลาดกรุงเทพมหานคร,งบกลาง,ประจำ,6313300.0
สำนักงานตลาดกรุงเทพมหานคร,แผนงานการพาณิชย์ของกรุงเทพมหานคร,ประจำ,127818700.0
สำนักงานตลาดกรุงเทพมหานคร,งบกลาง,พิเศษ,30000000.0
สำนักงานตลาดกรุงเทพมหานคร,แผนงานการพาณิชย์ของกรุงเทพมหานคร,พิเศษ,3135000.0
